Source,Target,Type,id,label,timeset,weight,book
Addam-Marbrand,Gyles-Rosby,Undirected,0,,,3.0,3
Addam-Marbrand,Jaime-Lannister,Undirected,1,,,3.0,3
Addam-Marbrand,Jalabhar-Xho,Undirected,2,,,3.0,3
Addam-Marbrand,Joffrey-Baratheon,Undirected,3,,,3.0,3
Addam-Marbrand,Kevan-Lannister,Undirected,4,,,3.0,3
Addam-Marbrand,Oberyn-Martell,Undirected,5,,,3.0,3
Addam-Marbrand,Tyrion-Lannister,Undirected,6,,,7.0,3
Addam-Marbrand,Varys,Undirected,7,,,4.0,3
Aegon-Frey-(son-of-Stevron),Catelyn-Stark,Undirected,8,,,4.0,3
Aegon-Frey-(son-of-Stevron),Robb-Stark,Undirected,9,,,5.0,3
Aegon-Frey-(son-of-Stevron),Stevron-Frey,Undirected,10,,,3.0,3
Aegon-Frey-(son-of-Stevron),Walder-Frey,Undirected,11,,,6.0,3
Aegon-I-Targaryen,Daenerys-Targaryen,Undirected,12,,,4.0,3
Aegon-I-Targaryen,Stannis-Baratheon,Undirected,13,,,4.0,3
Aegon-I-Targaryen,Torrhen-Stark,Undirected,14,,,3.0,3
Aegon-Targaryen-(son-of-Rhaegar),Elia-Martell,Undirected,15,,,3.0,3
Aemon-Targaryen-(Dragonknight),Jaime-Lannister,Undirected,16,,,3.0,3
Aemon-Targaryen-(Maester-Aemon),Alliser-Thorne,Undirected,17,,,3.0,3
Aemon-Targaryen-(Maester-Aemon),Clydas,Undirected,18,,,16.0,3
Aemon-Targaryen-(Maester-Aemon),Cotter-Pyke,Undirected,19,,,3.0,3
Aemon-Targaryen-(Maester-Aemon),Denys-Mallister,Undirected,20,,,4.0,3
Aemon-Targaryen-(Maester-Aemon),Donal-Noye,Undirected,21,,,11.0,3
Aemon-Targaryen-(Maester-Aemon),Eddison-Tollett,Undirected,22,,,3.0,3
Aemon-Targaryen-(Maester-Aemon),Grenn,Undirected,23,,,5.0,3
Aemon-Targaryen-(Maester-Aemon),Hobb,Undirected,24,,,3.0,3
Aemon-Targaryen-(Maester-Aemon),Janos-Slynt,Undirected,25,,,5.0,3
Aemon-Targaryen-(Maester-Aemon),Jeor-Mormont,Undirected,26,,,3.0,3
Aemon-Targaryen-(Maester-Aemon),Jon-Snow,Undirected,27,,,36.0,3
Aemon-Targaryen-(Maester-Aemon),Mance-Rayder,Undirected,28,,,5.0,3
Aemon-Targaryen-(Maester-Aemon),Owen,Undirected,29,,,3.0,3
Aemon-Targaryen-(Maester-Aemon),Pypar,Undirected,30,,,5.0,3
Aemon-Targaryen-(Maester-Aemon),Robert-Baratheon,Undirected,31,,,5.0,3
Aemon-Targaryen-(Maester-Aemon),Samwell-Tarly,Undirected,32,,,32.0,3
Aemon-Targaryen-(Maester-Aemon),Stannis-Baratheon,Undirected,33,,,9.0,3
Aemon-Targaryen-(Maester-Aemon),Wynton-Stout,Undirected,34,,,3.0,3
Aerys-II-Targaryen,Arthur-Dayne,Undirected,35,,,5.0,3
Aerys-II-Targaryen,Brienne-of-Tarth,Undirected,36,,,3.0,3
Aerys-II-Targaryen,Jaime-Lannister,Undirected,37,,,22.0,3
Aerys-II-Targaryen,Joffrey-Baratheon,Undirected,38,,,6.0,3
Aerys-II-Targaryen,Robert-Baratheon,Undirected,39,,,9.0,3
Aerys-II-Targaryen,Rossart,Undirected,40,,,4.0,3
Aerys-II-Targaryen,Tyrion-Lannister,Undirected,41,,,6.0,3
Aerys-II-Targaryen,Tywin-Lannister,Undirected,42,,,10.0,3
Aerys-II-Targaryen,Viserys-Targaryen,Undirected,43,,,3.0,3
Aggo,Jhogo,Undirected,44,,,4.0,3
Aggo,Rakharo,Undirected,45,,,3.0,3
Alayaya,Bronn,Undirected,46,,,3.0,3
Alayaya,Cersei-Lannister,Undirected,47,,,3.0,3
Alayaya,Tyrion-Lannister,Undirected,48,,,4.0,3
Alerie-Hightower,Mace-Tyrell,Undirected,49,,,3.0,3
Alerie-Hightower,Margaery-Tyrell,Undirected,50,,,3.0,3
Alester-Florent,Axell-Florent,Undirected,51,,,4.0,3
Alester-Florent,Davos-Seaworth,Undirected,52,,,11.0,3
Alester-Florent,Lamprey,Undirected,53,,,3.0,3
Alester-Florent,Selyse-Florent,Undirected,54,,,4.0,3
Alester-Florent,Stannis-Baratheon,Undirected,55,,,4.0,3
Alla-Tyrell,Elinor-Tyrell,Undirected,56,,,5.0,3
Alla-Tyrell,Megga-Tyrell,Undirected,57,,,6.0,3
Alla-Tyrell,Sansa-Stark,Undirected,58,,,4.0,3
Alliser-Thorne,Janos-Slynt,Undirected,59,,,13.0,3
Alliser-Thorne,Jon-Snow,Undirected,60,,,22.0,3
Alliser-Thorne,Mance-Rayder,Undirected,61,,,6.0,3
Alliser-Thorne,Qhorin-Halfhand,Undirected,62,,,4.0,3
Alliser-Thorne,Samwell-Tarly,Undirected,63,,,4.0,3
Alliser-Thorne,Stannis-Baratheon,Undirected,64,,,3.0,3
Amory-Lorch,Gregor-Clegane,Undirected,65,,,3.0,3
Amory-Lorch,Jaime-Lannister,Undirected,66,,,3.0,3
Amory-Lorch,Oberyn-Martell,Undirected,67,,,6.0,3
Amory-Lorch,Tywin-Lannister,Undirected,68,,,4.0,3
Amory-Lorch,Vargo-Hoat,Undirected,69,,,3.0,3
Anders-Yronwood,Oberyn-Martell,Undirected,70,,,3.0,3
Andrew-Estermont,Davos-Seaworth,Undirected,71,,,4.0,3
Andrew-Estermont,Edric-Storm,Undirected,72,,,4.0,3
Andrew-Estermont,Gerald-Gower,Undirected,73,,,3.0,3
Anguy,Arya-Stark,Undirected,74,,,15.0,3
Anguy,Beric-Dondarrion,Undirected,75,,,4.0,3
Anguy,Greenbeard,Undirected,76,,,9.0,3
Anguy,Harwin,Undirected,77,,,7.0,3
Anguy,Husband,Undirected,78,,,3.0,3
Anguy,Lem,Undirected,79,,,22.0,3
Anguy,Sandor-Clegane,Undirected,80,,,3.0,3
Anguy,Sharna,Undirected,81,,,6.0,3
Anguy,Tom-of-Sevenstreams,Undirected,82,,,12.0,3
Arson,Jon-Snow,Undirected,83,,,3.0,3
Arstan,Belwas,Undirected,84,,,25.0,3
Arstan,Daenerys-Targaryen,Undirected,85,,,29.0,3
Arstan,Illyrio-Mopatis,Undirected,86,,,3.0,3
Arstan,Jhiqui,Undirected,87,,,3.0,3
Arstan,Jorah-Mormont,Undirected,88,,,13.0,3
Arstan,Kraznys-mo-Nakloz,Undirected,89,,,3.0,3
Arstan,Mero,Undirected,90,,,7.0,3
Arstan,Rhaegar-Targaryen,Undirected,91,,,7.0,3
Arthur-Dayne,Gerold-Hightower,Undirected,92,,,5.0,3
Arthur-Dayne,Lewyn-Martell,Undirected,93,,,3.0,3
Arthur-Dayne,Rhaegar-Targaryen,Undirected,94,,,3.0,3
Arthur-Dayne,Smiling-Knight,Undirected,95,,,4.0,3
Arya-Stark,Beric-Dondarrion,Undirected,96,,,23.0,3
Arya-Stark,Bran-Stark,Undirected,97,,,9.0,3
Arya-Stark,Brynden-Tully,Undirected,98,,,4.0,3
Arya-Stark,Catelyn-Stark,Undirected,99,,,3.0,3
Arya-Stark,Cersei-Lannister,Undirected,100,,,6.0,3
Arya-Stark,Dunsen,Undirected,101,,,3.0,3
Arya-Stark,Eddard-Stark,Undirected,102,,,6.0,3
Arya-Stark,Elmar-Frey,Undirected,103,,,4.0,3
Arya-Stark,Gendry,Undirected,104,,,46.0,3
Arya-Stark,Greenbeard,Undirected,105,,,9.0,3
Arya-Stark,Gregor-Clegane,Undirected,106,,,6.0,3
Arya-Stark,Harwin,Undirected,107,,,17.0,3
Arya-Stark,Hot-Pie,Undirected,108,,,25.0,3
Arya-Stark,Ilyn-Payne,Undirected,109,,,3.0,3
Arya-Stark,Jaime-Lannister,Undirected,110,,,10.0,3
Arya-Stark,Joffrey-Baratheon,Undirected,111,,,10.0,3
Arya-Stark,Jon-Snow,Undirected,112,,,9.0,3
Arya-Stark,Lem,Undirected,113,,,24.0,3
Arya-Stark,Mad-Huntsman,Undirected,114,,,4.0,3
Arya-Stark,Meryn-Trant,Undirected,115,,,3.0,3
Arya-Stark,Mycah,Undirected,116,,,6.0,3
Arya-Stark,Nan,Undirected,117,,,7.0,3
Arya-Stark,Pate-(Old),Undirected,118,,,4.0,3
Arya-Stark,Polliver,Undirected,119,,,11.0,3
Arya-Stark,Rafford,Undirected,120,,,5.0,3
Arya-Stark,Ravella-Swann,Undirected,121,,,7.0,3
Arya-Stark,Rickon-Stark,Undirected,122,,,8.0,3
Arya-Stark,Robb-Stark,Undirected,123,,,14.0,3
Arya-Stark,Robert-Baratheon,Undirected,124,,,5.0,3
Arya-Stark,Roose-Bolton,Undirected,125,,,8.0,3
Arya-Stark,Sandor-Clegane,Undirected,126,,,48.0,3
Arya-Stark,Sansa-Stark,Undirected,127,,,23.0,3
Arya-Stark,Thoros-of-Myr,Undirected,128,,,21.0,3
Arya-Stark,Tickler,Undirected,129,,,5.0,3
Arya-Stark,Tom-of-Sevenstreams,Undirected,130,,,24.0,3
Arya-Stark,Tyrion-Lannister,Undirected,131,,,7.0,3
Axell-Florent,Davos-Seaworth,Undirected,132,,,21.0,3
Axell-Florent,Lamprey,Undirected,133,,,5.0,3
Axell-Florent,Melisandre,Undirected,134,,,4.0,3
Axell-Florent,Porridge,Undirected,135,,,5.0,3
Axell-Florent,Salladhor-Saan,Undirected,136,,,3.0,3
Axell-Florent,Selyse-Florent,Undirected,137,,,8.0,3
Axell-Florent,Stannis-Baratheon,Undirected,138,,,16.0,3
Azor-Ahai,Stannis-Baratheon,Undirected,139,,,3.0,3
Baelor-I-Targaryen,Cersei-Lannister,Undirected,140,,,3.0,3
Baelor-I-Targaryen,Sansa-Stark,Undirected,141,,,3.0,3
Baelor-I-Targaryen,Tyrion-Lannister,Undirected,142,,,3.0,3
Ballabar,Frenken,Undirected,143,,,4.0,3
Ballabar,Tyrion-Lannister,Undirected,144,,,4.0,3
Balon-Greyjoy,Robb-Stark,Undirected,145,,,6.0,3
Balon-Greyjoy,Stannis-Baratheon,Undirected,146,,,4.0,3
Balon-Greyjoy,Tywin-Lannister,Undirected,147,,,4.0,3
Balon-Swann,Boros-Blount,Undirected,148,,,3.0,3
Balon-Swann,Jaime-Lannister,Undirected,149,,,5.0,3
Balon-Swann,Joffrey-Baratheon,Undirected,150,,,5.0,3
Balon-Swann,Loras-Tyrell,Undirected,151,,,6.0,3
Balon-Swann,Osmund-Kettleblack,Undirected,152,,,3.0,3
Balon-Swann,Tyrion-Lannister,Undirected,153,,,4.0,3
Bannen,Dywen,Undirected,154,,,5.0,3
Bannen,Samwell-Tarly,Undirected,155,,,11.0,3
Barristan-Selmy,Daenerys-Targaryen,Undirected,156,,,5.0,3
Barristan-Selmy,Gerold-Hightower,Undirected,157,,,5.0,3
Barristan-Selmy,Jaime-Lannister,Undirected,158,,,4.0,3
Barristan-Selmy,Jorah-Mormont,Undirected,159,,,5.0,3
Barristan-Selmy,Robert-Baratheon,Undirected,160,,,8.0,3
Bedwyck,Craster,Undirected,161,,,4.0,3
Bedwyck,Dywen,Undirected,162,,,3.0,3
Bedwyck,Eddison-Tollett,Undirected,163,,,4.0,3
Bedwyck,Grenn,Undirected,164,,,4.0,3
Bedwyck,Samwell-Tarly,Undirected,165,,,3.0,3
Belwas,Ben-Plumm,Undirected,166,,,4.0,3
Belwas,Daenerys-Targaryen,Undirected,167,,,28.0,3
Belwas,Illyrio-Mopatis,Undirected,168,,,8.0,3
Belwas,Jhiqui,Undirected,169,,,3.0,3
Belwas,Jorah-Mormont,Undirected,170,,,18.0,3
Belwas,Oznak-zo-Pahl,Undirected,171,,,8.0,3
Ben-Plumm,Daario-Naharis,Undirected,172,,,4.0,3
Ben-Plumm,Daenerys-Targaryen,Undirected,173,,,10.0,3
Benjen-Stark,Bran-Stark,Undirected,174,,,3.0,3
Benjen-Stark,Jeor-Mormont,Undirected,175,,,3.0,3
Benjen-Stark,Jon-Snow,Undirected,176,,,3.0,3
Benjen-Stark,Robert-Baratheon,Undirected,177,,,3.0,3
Beric-Dondarrion,Gendry,Undirected,178,,,4.0,3
Beric-Dondarrion,Gregor-Clegane,Undirected,179,,,3.0,3
Beric-Dondarrion,Harwin,Undirected,180,,,7.0,3
Beric-Dondarrion,Jack-Bulwer,Undirected,181,,,4.0,3
Beric-Dondarrion,Joffrey-Baratheon,Undirected,182,,,3.0,3
Beric-Dondarrion,Lem,Undirected,183,,,14.0,3
Beric-Dondarrion,Sandor-Clegane,Undirected,184,,,15.0,3
Beric-Dondarrion,Thoros-of-Myr,Undirected,185,,,26.0,3
Beric-Dondarrion,Tom-of-Sevenstreams,Undirected,186,,,4.0,3
Big-Boil,Jon-Snow,Undirected,187,,,3.0,3
Big-Boil,Ygritte,Undirected,188,,,3.0,3
Biter,Rorge,Undirected,189,,,3.0,3
Blane,Jeor-Mormont,Undirected,190,,,3.0,3
Boros-Blount,Cersei-Lannister,Undirected,191,,,4.0,3
Boros-Blount,Jaime-Lannister,Undirected,192,,,6.0,3
Boros-Blount,Loras-Tyrell,Undirected,193,,,5.0,3
Boros-Blount,Meryn-Trant,Undirected,194,,,6.0,3
Boros-Blount,Tommen-Baratheon,Undirected,195,,,7.0,3
Boros-Blount,Tyrion-Lannister,Undirected,196,,,6.0,3
Bowen-Marsh,Cotter-Pyke,Undirected,197,,,3.0,3
Bowen-Marsh,Denys-Mallister,Undirected,198,,,5.0,3
Bowen-Marsh,Donal-Noye,Undirected,199,,,4.0,3
Bowen-Marsh,Eddison-Tollett,Undirected,200,,,3.0,3
Bowen-Marsh,Hobb,Undirected,201,,,3.0,3
Bowen-Marsh,Janos-Slynt,Undirected,202,,,10.0,3
Bowen-Marsh,Jeor-Mormont,Undirected,203,,,8.0,3
Bowen-Marsh,Jon-Snow,Undirected,204,,,5.0,3
Bowen-Marsh,Othell-Yarwyck,Undirected,205,,,9.0,3
Bowen-Marsh,Samwell-Tarly,Undirected,206,,,7.0,3
Bran-Stark,Catelyn-Stark,Undirected,207,,,3.0,3
Bran-Stark,Coldhands,Undirected,208,,,4.0,3
Bran-Stark,Eddard-Stark,Undirected,209,,,7.0,3
Bran-Stark,Hodor,Undirected,210,,,71.0,3
Bran-Stark,Joffrey-Baratheon,Undirected,211,,,3.0,3
Bran-Stark,Jojen-Reed,Undirected,212,,,48.0,3
Bran-Stark,Jon-Snow,Undirected,213,,,13.0,3
Bran-Stark,Jon-Umber-(Greatjon),Undirected,214,,,3.0,3
Bran-Stark,Meera-Reed,Undirected,215,,,54.0,3
Bran-Stark,Nan,Undirected,216,,,14.0,3
Bran-Stark,Rickon-Stark,Undirected,217,,,31.0,3
Bran-Stark,Robb-Stark,Undirected,218,,,18.0,3
Bran-Stark,Samwell-Tarly,Undirected,219,,,11.0,3
Bran-Stark,Sansa-Stark,Undirected,220,,,10.0,3
Bran-Stark,Theon-Greyjoy,Undirected,221,,,9.0,3
Brandon-Stark,Eddard-Stark,Undirected,223,,,8.0,3
Brandon-Stark,Rickon-Stark,Undirected,224,,,3.0,3
Brandon-Stark,Robb-Stark,Undirected,225,,,3.0,3
Brella,Sansa-Stark,Undirected,226,,,4.0,3
Brella,Shae,Undirected,227,,,4.0,3
Brenett,Catelyn-Stark,Undirected,228,,,3.0,3
Brienne-of-Tarth,Catelyn-Stark,Undirected,229,,,7.0,3
Brienne-of-Tarth,Cersei-Lannister,Undirected,230,,,5.0,3
Brienne-of-Tarth,Cleos-Frey,Undirected,231,,,12.0,3
Brienne-of-Tarth,Elmar-Frey,Undirected,232,,,6.0,3
Brienne-of-Tarth,Jaime-Lannister,Undirected,233,,,87.0,3
Brienne-of-Tarth,Loras-Tyrell,Undirected,234,,,6.0,3
Brienne-of-Tarth,Qyburn,Undirected,235,,,3.0,3
Brienne-of-Tarth,Robb-Stark,Undirected,236,,,5.0,3
Brienne-of-Tarth,Roose-Bolton,Undirected,237,,,11.0,3
Brienne-of-Tarth,Sansa-Stark,Undirected,238,,,5.0,3
Brienne-of-Tarth,Tyrion-Lannister,Undirected,239,,,4.0,3
Brienne-of-Tarth,Vargo-Hoat,Undirected,240,,,4.0,3
Brienne-of-Tarth,Walton,Undirected,241,,,3.0,3
Bronn,Cersei-Lannister,Undirected,242,,,8.0,3
Bronn,Gregor-Clegane,Undirected,243,,,4.0,3
Bronn,Joffrey-Baratheon,Undirected,244,,,3.0,3
Bronn,Lollys-Stokeworth,Undirected,245,,,3.0,3
Bronn,Mandon-Moore,Undirected,246,,,3.0,3
Bronn,Oberyn-Martell,Undirected,247,,,4.0,3
Bronn,Podrick-Payne,Undirected,248,,,17.0,3
Bronn,Tommen-Baratheon,Undirected,249,,,4.0,3
Bronn,Tyrion-Lannister,Undirected,250,,,32.0,3
Bronn,Tywin-Lannister,Undirected,251,,,3.0,3
Bronn,Varys,Undirected,252,,,4.0,3
Brynden-Tully,Catelyn-Stark,Undirected,253,,,5.0,3
Brynden-Tully,Edmure-Tully,Undirected,254,,,6.0,3
Brynden-Tully,Rickard-Karstark,Undirected,255,,,4.0,3
Brynden-Tully,Robb-Stark,Undirected,256,,,12.0,3
Brynden-Tully,Tywin-Lannister,Undirected,257,,,4.0,3
Brynden-Tully,Walder-Frey,Undirected,258,,,4.0,3
Butterbumps,Olenna-Redwyne,Undirected,259,,,4.0,3
Butterbumps,Sansa-Stark,Undirected,260,,,6.0,3
Byam-Flint,Craster,Undirected,261,,,3.0,3
Catelyn-Stark,Cersei-Lannister,Undirected,262,,,4.0,3
Catelyn-Stark,Cleos-Frey,Undirected,263,,,4.0,3
Catelyn-Stark,Dacey-Mormont,Undirected,264,,,5.0,3
Catelyn-Stark,Desmond-Grell,Undirected,265,,,6.0,3
Catelyn-Stark,Eddard-Stark,Undirected,266,,,7.0,3
Catelyn-Stark,Edmure-Tully,Undirected,267,,,18.0,3
Catelyn-Stark,Elmar-Frey,Undirected,268,,,5.0,3
Catelyn-Stark,Hoster-Tully,Undirected,269,,,16.0,3
Catelyn-Stark,Jaime-Lannister,Undirected,270,,,19.0,3
Catelyn-Stark,Jason-Mallister,Undirected,271,,,5.0,3
Catelyn-Stark,Jeyne-Westerling,Undirected,272,,,13.0,3
Catelyn-Stark,Joffrey-Baratheon,Undirected,273,,,3.0,3
Catelyn-Stark,Jon-Umber-(Greatjon),Undirected,274,,,10.0,3
Catelyn-Stark,Lothar-Frey,Undirected,275,,,3.0,3
Catelyn-Stark,Lysa-Arryn,Undirected,276,,,15.0,3
Catelyn-Stark,Maege-Mormont,Undirected,277,,,6.0,3
Catelyn-Stark,Marq-Piper,Undirected,278,,,3.0,3
Catelyn-Stark,Petyr-Baelish,Undirected,279,,,6.0,3
Catelyn-Stark,Raynald-Westerling,Undirected,280,,,5.0,3
Catelyn-Stark,Rickard-Karstark,Undirected,281,,,6.0,3
Catelyn-Stark,Robb-Stark,Undirected,282,,,48.0,3
Catelyn-Stark,Robin-Ryger,Undirected,283,,,3.0,3
Catelyn-Stark,Rodrik-Cassel,Undirected,284,,,3.0,3
Catelyn-Stark,Roose-Bolton,Undirected,285,,,10.0,3
Catelyn-Stark,Roslin-Frey,Undirected,286,,,7.0,3
Catelyn-Stark,Ryman-Frey,Undirected,287,,,6.0,3
Catelyn-Stark,Sansa-Stark,Undirected,288,,,11.0,3
Catelyn-Stark,Stannis-Baratheon,Undirected,289,,,4.0,3
Catelyn-Stark,Tansy,Undirected,290,,,8.0,3
Catelyn-Stark,Tyrion-Lannister,Undirected,291,,,7.0,3
Catelyn-Stark,Vyman,Undirected,292,,,9.0,3
Catelyn-Stark,Walder-Frey,Undirected,293,,,25.0,3
Cersei-Lannister,Dunsen,Undirected,294,,,6.0,3
Cersei-Lannister,Eddard-Stark,Undirected,295,,,6.0,3
Cersei-Lannister,Elia-Martell,Undirected,296,,,4.0,3
Cersei-Lannister,Ellaria-Sand,Undirected,297,,,4.0,3
Cersei-Lannister,Gregor-Clegane,Undirected,298,,,7.0,3
Cersei-Lannister,Ilyn-Payne,Undirected,299,,,8.0,3
Cersei-Lannister,Jaime-Lannister,Undirected,300,,,35.0,3
Cersei-Lannister,Joffrey-Baratheon,Undirected,301,,,44.0,3
Cersei-Lannister,Kevan-Lannister,Undirected,302,,,5.0,3
Cersei-Lannister,Lancel-Lannister,Undirected,303,,,3.0,3
Cersei-Lannister,Lysa-Arryn,Undirected,304,,,4.0,3
Cersei-Lannister,Mace-Tyrell,Undirected,305,,,6.0,3
Cersei-Lannister,Mandon-Moore,Undirected,306,,,4.0,3
Cersei-Lannister,Margaery-Tyrell,Undirected,307,,,6.0,3
Cersei-Lannister,Meryn-Trant,Undirected,308,,,13.0,3
Cersei-Lannister,Oberyn-Martell,Undirected,309,,,9.0,3
Cersei-Lannister,Olenna-Redwyne,Undirected,310,,,5.0,3
Cersei-Lannister,Osmund-Kettleblack,Undirected,311,,,8.0,3
Cersei-Lannister,Polliver,Undirected,312,,,6.0,3
Cersei-Lannister,Pycelle,Undirected,313,,,4.0,3
Cersei-Lannister,Rafford,Undirected,314,,,6.0,3
Cersei-Lannister,Robert-Baratheon,Undirected,315,,,14.0,3
Cersei-Lannister,Sandor-Clegane,Undirected,316,,,5.0,3
Cersei-Lannister,Sansa-Stark,Undirected,317,,,21.0,3
Cersei-Lannister,Shae,Undirected,318,,,4.0,3
Cersei-Lannister,Tickler,Undirected,319,,,6.0,3
Cersei-Lannister,Tommen-Baratheon,Undirected,320,,,4.0,3
Cersei-Lannister,Tyrion-Lannister,Undirected,321,,,54.0,3
Cersei-Lannister,Tywin-Lannister,Undirected,322,,,20.0,3
Cersei-Lannister,Varys,Undirected,323,,,4.0,3
Cersei-Lannister,Willas-Tyrell,Undirected,324,,,5.0,3
Chataya,Tyrion-Lannister,Undirected,325,,,4.0,3
Chett,Jeor-Mormont,Undirected,326,,,6.0,3
Chett,Lark,Undirected,327,,,9.0,3
Chett,Qhorin-Halfhand,Undirected,328,,,3.0,3
Chett,Samwell-Tarly,Undirected,329,,,4.0,3
Chett,Small-Paul,Undirected,330,,,8.0,3
Cleon,Daenerys-Targaryen,Undirected,331,,,4.0,3
Cleon,Ghael,Undirected,332,,,5.0,3
Cleos-Frey,Jaime-Lannister,Undirected,333,,,25.0,3
Clubfoot-Karl,Craster,Undirected,334,,,6.0,3
Clubfoot-Karl,Samwell-Tarly,Undirected,335,,,3.0,3
Clydas,Hobb,Undirected,336,,,6.0,3
Clydas,Jon-Snow,Undirected,337,,,10.0,3
Clydas,Samwell-Tarly,Undirected,338,,,6.0,3
Coldhands,Gilly,Undirected,339,,,3.0,3
Cotter-Pyke,Denys-Mallister,Undirected,340,,,14.0,3
Cotter-Pyke,Eddison-Tollett,Undirected,341,,,3.0,3
Cotter-Pyke,Jon-Snow,Undirected,342,,,3.0,3
Cotter-Pyke,Othell-Yarwyck,Undirected,343,,,6.0,3
Cotter-Pyke,Pypar,Undirected,344,,,3.0,3
Cotter-Pyke,Samwell-Tarly,Undirected,345,,,10.0,3
Cotter-Pyke,Stannis-Baratheon,Undirected,346,,,5.0,3
Craster,Dirk,Undirected,347,,,6.0,3
Craster,Eddison-Tollett,Undirected,348,,,3.0,3
Craster,Gilly,Undirected,349,,,16.0,3
Craster,Grenn,Undirected,350,,,3.0,3
Craster,Jeor-Mormont,Undirected,351,,,8.0,3
Craster,Jojen-Reed,Undirected,352,,,3.0,3
Craster,Jon-Snow,Undirected,353,,,7.0,3
Craster,Mance-Rayder,Undirected,354,,,6.0,3
Craster,Samwell-Tarly,Undirected,355,,,32.0,3
Craster,Tormund,Undirected,356,,,3.0,3
Cressen,Davos-Seaworth,Undirected,357,,,4.0,3
Daario-Naharis,Daenerys-Targaryen,Undirected,358,,,15.0,3
Daario-Naharis,Drogo,Undirected,359,,,3.0,3
Daario-Naharis,Irri,Undirected,360,,,3.0,3
Daario-Naharis,Jorah-Mormont,Undirected,361,,,10.0,3
Daario-Naharis,Prendahl-na-Ghezn,Undirected,362,,,3.0,3
Daario-Naharis,Sallor,Undirected,363,,,3.0,3
Dacey-Mormont,Maege-Mormont,Undirected,364,,,3.0,3
Dacey-Mormont,Robb-Stark,Undirected,365,,,3.0,3
Daenerys-Targaryen,Drogo,Undirected,366,,,7.0,3
Daenerys-Targaryen,Ghael,Undirected,367,,,3.0,3
Daenerys-Targaryen,Grey-Worm,Undirected,368,,,14.0,3
Daenerys-Targaryen,Groleo,Undirected,369,,,6.0,3
Daenerys-Targaryen,Irri,Undirected,370,,,17.0,3
Daenerys-Targaryen,Jhiqui,Undirected,371,,,17.0,3
Daenerys-Targaryen,Jhogo,Undirected,372,,,4.0,3
Daenerys-Targaryen,Jorah-Mormont,Undirected,373,,,53.0,3
Daenerys-Targaryen,Kraznys-mo-Nakloz,Undirected,374,,,16.0,3
Daenerys-Targaryen,Mero,Undirected,375,,,5.0,3
Daenerys-Targaryen,Missandei,Undirected,376,,,26.0,3
Daenerys-Targaryen,Oznak-zo-Pahl,Undirected,377,,,4.0,3
Daenerys-Targaryen,Rakharo,Undirected,378,,,7.0,3
Daenerys-Targaryen,Rhaegar-Targaryen,Undirected,379,,,13.0,3
Daenerys-Targaryen,Rhaegel-Targaryen,Undirected,380,,,5.0,3
Daenerys-Targaryen,Robert-Baratheon,Undirected,381,,,8.0,3
Daenerys-Targaryen,Viserys-Targaryen,Undirected,382,,,8.0,3
Daeron-I-Targaryen,Shireen-Baratheon,Undirected,383,,,3.0,3
Dalla,Jon-Snow,Undirected,384,,,6.0,3
Dalla,Mance-Rayder,Undirected,385,,,10.0,3
Dalla,Val,Undirected,386,,,7.0,3
Davos-Seaworth,Devan-Seaworth,Undirected,387,,,5.0,3
Davos-Seaworth,Edric-Storm,Undirected,388,,,19.0,3
Davos-Seaworth,Guncer-Sunglass,Undirected,389,,,3.0,3
Davos-Seaworth,Joffrey-Baratheon,Undirected,390,,,10.0,3
Davos-Seaworth,Khorane-Sathmantes,Undirected,391,,,4.0,3
Davos-Seaworth,Lamprey,Undirected,392,,,8.0,3
Davos-Seaworth,Melisandre,Undirected,393,,,40.0,3
Davos-Seaworth,Porridge,Undirected,394,,,6.0,3
Davos-Seaworth,Pylos,Undirected,395,,,15.0,3
Davos-Seaworth,Salladhor-Saan,Undirected,396,,,22.0,3
Davos-Seaworth,Selyse-Florent,Undirected,397,,,6.0,3
Davos-Seaworth,Shireen-Baratheon,Undirected,398,,,9.0,3
Davos-Seaworth,Stannis-Baratheon,Undirected,399,,,52.0,3
Denys-Mallister,Eddison-Tollett,Undirected,400,,,3.0,3
Denys-Mallister,Janos-Slynt,Undirected,401,,,3.0,3
Denys-Mallister,Othell-Yarwyck,Undirected,402,,,4.0,3
Denys-Mallister,Pypar,Undirected,403,,,4.0,3
Denys-Mallister,Samwell-Tarly,Undirected,404,,,14.0,3
Desmond-Grell,Edmure-Tully,Undirected,405,,,4.0,3
Desmond-Grell,Robb-Stark,Undirected,406,,,4.0,3
Desmond-Grell,Utherydes-Wayn,Undirected,407,,,6.0,3
Devan-Seaworth,Pylos,Undirected,408,,,3.0,3
Devan-Seaworth,Stannis-Baratheon,Undirected,409,,,4.0,3
Dick-Follard,Jon-Snow,Undirected,410,,,3.0,3
Dick-Follard,Satin,Undirected,411,,,5.0,3
Dirk,Samwell-Tarly,Undirected,412,,,4.0,3
Donal-Noye,Jeor-Mormont,Undirected,413,,,4.0,3
Donal-Noye,Jon-Snow,Undirected,414,,,33.0,3
Donal-Noye,Mag-Mar-Tun-Doh-Weg,Undirected,415,,,6.0,3
Donal-Noye,Mance-Rayder,Undirected,416,,,3.0,3
Donal-Noye,Qhorin-Halfhand,Undirected,417,,,3.0,3
Donal-Noye,Stannis-Baratheon,Undirected,418,,,4.0,3
Dontos-Hollard,Joffrey-Baratheon,Undirected,419,,,10.0,3
Dontos-Hollard,Lothor-Brune,Undirected,420,,,3.0,3
Dontos-Hollard,Moon-Boy,Undirected,421,,,3.0,3
Dontos-Hollard,Petyr-Baelish,Undirected,422,,,4.0,3
Dontos-Hollard,Sansa-Stark,Undirected,423,,,13.0,3
Dontos-Hollard,Tyrion-Lannister,Undirected,424,,,7.0,3
Dontos-Hollard,Willas-Tyrell,Undirected,425,,,3.0,3
Doran-Martell,Gregor-Clegane,Undirected,426,,,3.0,3
Doran-Martell,Oberyn-Martell,Undirected,427,,,4.0,3
Doran-Martell,Tyrion-Lannister,Undirected,428,,,10.0,3
Drogo,Irri,Undirected,429,,,3.0,3
Drogo,Jorah-Mormont,Undirected,430,,,8.0,3
Dunsen,Gregor-Clegane,Undirected,431,,,11.0,3
Dunsen,Ilyn-Payne,Undirected,432,,,6.0,3
Dunsen,Joffrey-Baratheon,Undirected,433,,,6.0,3
Dunsen,Meryn-Trant,Undirected,434,,,6.0,3
Dunsen,Polliver,Undirected,435,,,9.0,3
Dunsen,Rafford,Undirected,436,,,10.0,3
Dunsen,Sandor-Clegane,Undirected,437,,,7.0,3
Dunsen,Tickler,Undirected,438,,,9.0,3
Dywen,Eddison-Tollett,Undirected,439,,,5.0,3
Dywen,Grenn,Undirected,440,,,4.0,3
Dywen,Jeor-Mormont,Undirected,441,,,4.0,3
Dywen,Samwell-Tarly,Undirected,442,,,6.0,3
Eddard-Stark,Gregor-Clegane,Undirected,443,,,3.0,3
Eddard-Stark,Jaime-Lannister,Undirected,444,,,6.0,3
Eddard-Stark,Joffrey-Baratheon,Undirected,445,,,3.0,3
Eddard-Stark,Jon-Snow,Undirected,446,,,4.0,3
Eddard-Stark,Rickon-Stark,Undirected,447,,,8.0,3
Eddard-Stark,Robb-Stark,Undirected,448,,,13.0,3
Eddard-Stark,Robert-Baratheon,Undirected,449,,,7.0,3
Eddard-Stark,Sandor-Clegane,Undirected,450,,,4.0,3
Eddard-Stark,Sansa-Stark,Undirected,451,,,6.0,3
Eddard-Stark,Torrhen-Stark,Undirected,452,,,3.0,3
Eddard-Stark,Tyrion-Lannister,Undirected,453,,,3.0,3
Eddison-Tollett,Grenn,Undirected,454,,,13.0,3
Eddison-Tollett,Jeor-Mormont,Undirected,455,,,5.0,3
Eddison-Tollett,Othell-Yarwyck,Undirected,456,,,3.0,3
Eddison-Tollett,Pypar,Undirected,457,,,5.0,3
Eddison-Tollett,Samwell-Tarly,Undirected,458,,,15.0,3
Eddison-Tollett,Watt,Undirected,459,,,3.0,3
Edmure-Tully,Elmar-Frey,Undirected,460,,,3.0,3
Edmure-Tully,Hoster-Tully,Undirected,461,,,11.0,3
Edmure-Tully,Jaime-Lannister,Undirected,462,,,4.0,3
Edmure-Tully,Lothar-Frey,Undirected,463,,,4.0,3
Edmure-Tully,Marq-Piper,Undirected,464,,,5.0,3
Edmure-Tully,Robb-Stark,Undirected,465,,,34.0,3
Edmure-Tully,Roslin-Frey,Undirected,466,,,15.0,3
Edmure-Tully,Tansy,Undirected,467,,,3.0,3
Edmure-Tully,Tywin-Lannister,Undirected,468,,,3.0,3
Edmure-Tully,Walder-Frey,Undirected,469,,,9.0,3
Edric-Storm,Pylos,Undirected,470,,,9.0,3
Edric-Storm,Robert-Baratheon,Undirected,471,,,3.0,3
Edric-Storm,Shireen-Baratheon,Undirected,472,,,3.0,3
Edric-Storm,Stannis-Baratheon,Undirected,473,,,6.0,3
Elia-Martell,Gregor-Clegane,Undirected,474,,,7.0,3
Elia-Martell,Jaime-Lannister,Undirected,475,,,4.0,3
Elia-Martell,Oberyn-Martell,Undirected,476,,,9.0,3
Elia-Martell,Rhaegar-Targaryen,Undirected,477,,,7.0,3
Elia-Martell,Tyrion-Lannister,Undirected,478,,,6.0,3
Elinor-Tyrell,Megga-Tyrell,Undirected,479,,,8.0,3
Elinor-Tyrell,Sansa-Stark,Undirected,480,,,5.0,3
Ellaria-Sand,Oberyn-Martell,Undirected,481,,,7.0,3
Ellaria-Sand,Tyrion-Lannister,Undirected,482,,,4.0,3
Elmar-Frey,Jaime-Lannister,Undirected,483,,,6.0,3
Elmar-Frey,Robb-Stark,Undirected,484,,,9.0,3
Elmar-Frey,Roose-Bolton,Undirected,485,,,3.0,3
Elmar-Frey,Tywin-Lannister,Undirected,486,,,3.0,3
Elmar-Frey,Walder-Frey,Undirected,487,,,6.0,3
Errok,Grigg,Undirected,488,,,7.0,3
Errok,Jon-Snow,Undirected,489,,,4.0,3
Errok,Styr,Undirected,490,,,3.0,3
Galbart-Glover,Robett-Glover,Undirected,491,,,3.0,3
Galyeon-of-Cuy,Tyrion-Lannister,Undirected,492,,,3.0,3
Garlan-Tyrell,Joffrey-Baratheon,Undirected,493,,,6.0,3
Garlan-Tyrell,Leonette-Fossoway,Undirected,494,,,3.0,3
Garlan-Tyrell,Loras-Tyrell,Undirected,495,,,6.0,3
Garlan-Tyrell,Sansa-Stark,Undirected,496,,,5.0,3
Garlan-Tyrell,Tyrion-Lannister,Undirected,497,,,11.0,3
Garlan-Tyrell,Willas-Tyrell,Undirected,498,,,3.0,3
Gawen-Westerling,Jeyne-Westerling,Undirected,499,,,3.0,3
Gawen-Westerling,Sybell-Spicer,Undirected,500,,,3.0,3
Gendel,Gorne,Undirected,501,,,3.0,3
Gendel,Jon-Snow,Undirected,502,,,3.0,3
Gendry,Greenbeard,Undirected,503,,,3.0,3
Gendry,Harwin,Undirected,504,,,8.0,3
Gendry,Hot-Pie,Undirected,505,,,30.0,3
Gendry,Lem,Undirected,506,,,9.0,3
Gendry,Merrit,Undirected,507,,,3.0,3
Gendry,Robert-Baratheon,Undirected,508,,,3.0,3
Gendry,Sandor-Clegane,Undirected,509,,,5.0,3
Gendry,Thoros-of-Myr,Undirected,510,,,8.0,3
Gendry,Tom-of-Sevenstreams,Undirected,511,,,10.0,3
Gerold-Hightower,Jaime-Lannister,Undirected,512,,,4.0,3
Gerold-Hightower,Lewyn-Martell,Undirected,513,,,3.0,3
Gilly,Jojen-Reed,Undirected,514,,,3.0,3
Gilly,Jon-Snow,Undirected,515,,,8.0,3
Gilly,Mance-Rayder,Undirected,516,,,6.0,3
Gilly,Meera-Reed,Undirected,517,,,3.0,3
Gilly,Samwell-Tarly,Undirected,518,,,35.0,3
Gilly,Small-Paul,Undirected,519,,,3.0,3
Gorne,Jon-Snow,Undirected,520,,,3.0,3
Grazdan-mo-Eraz,Mero,Undirected,521,,,3.0,3
Greenbeard,Harwin,Undirected,522,,,4.0,3
Greenbeard,Lem,Undirected,523,,,12.0,3
Greenbeard,Thoros-of-Myr,Undirected,524,,,3.0,3
Greenbeard,Tom-of-Sevenstreams,Undirected,525,,,4.0,3
Gregor-Clegane,Helman-Tallhart,Undirected,526,,,3.0,3
Gregor-Clegane,Ilyn-Payne,Undirected,527,,,7.0,3
Gregor-Clegane,Jaime-Lannister,Undirected,528,,,7.0,3
Gregor-Clegane,Joffrey-Baratheon,Undirected,529,,,9.0,3
Gregor-Clegane,Meryn-Trant,Undirected,530,,,6.0,3
Gregor-Clegane,Oberyn-Martell,Undirected,531,,,39.0,3
Gregor-Clegane,Polliver,Undirected,532,,,11.0,3
Gregor-Clegane,Rafford,Undirected,533,,,12.0,3
Gregor-Clegane,Robb-Stark,Undirected,534,,,4.0,3
Gregor-Clegane,Sandor-Clegane,Undirected,535,,,10.0,3
Gregor-Clegane,Tickler,Undirected,536,,,12.0,3
Gregor-Clegane,Tyrion-Lannister,Undirected,537,,,23.0,3
Gregor-Clegane,Tywin-Lannister,Undirected,538,,,5.0,3
Grenn,Jeor-Mormont,Undirected,539,,,7.0,3
Grenn,Jon-Snow,Undirected,540,,,30.0,3
Grenn,Kegs,Undirected,541,,,5.0,3
Grenn,Owen,Undirected,542,,,4.0,3
Grenn,Pypar,Undirected,543,,,28.0,3
Grenn,Samwell-Tarly,Undirected,544,,,43.0,3
Grenn,Small-Paul,Undirected,545,,,3.0,3
Grey-Worm,Jorah-Mormont,Undirected,546,,,4.0,3
Grigg,Jarl,Undirected,547,,,3.0,3
Grigg,Jon-Snow,Undirected,548,,,5.0,3
Grisel,Petyr-Baelish,Undirected,549,,,3.0,3
Guncer-Sunglass,Melisandre,Undirected,550,,,4.0,3
Gyles-Rosby,Jalabhar-Xho,Undirected,551,,,4.0,3
Halder,Jon-Snow,Undirected,552,,,3.0,3
Halder,Todder,Undirected,553,,,3.0,3
Hareth-(Moles-Town),Jon-Snow,Undirected,554,,,8.0,3
Hareth-(Moles-Town),Kegs,Undirected,555,,,3.0,3
Hareth-(Moles-Town),Mully,Undirected,556,,,3.0,3
Hareth-(Moles-Town),Satin,Undirected,557,,,5.0,3
Hareth-(Moles-Town),Spare-Boot,Undirected,558,,,3.0,3
Harma,Jarl,Undirected,559,,,3.0,3
Harma,Jon-Snow,Undirected,560,,,7.0,3
Harma,Mance-Rayder,Undirected,561,,,10.0,3
Harma,Rattleshirt,Undirected,562,,,5.0,3
Harma,Styr,Undirected,563,,,4.0,3
Harma,Tormund,Undirected,564,,,4.0,3
Harma,Varamyr,Undirected,565,,,3.0,3
Harma,Weeper,Undirected,566,,,3.0,3
Harwin,Lem,Undirected,567,,,7.0,3
Harwin,Sandor-Clegane,Undirected,568,,,3.0,3
Helman-Tallhart,Randyll-Tarly,Undirected,569,,,3.0,3
Helman-Tallhart,Robett-Glover,Undirected,570,,,4.0,3
High-Septon-(Tyrions),Joffrey-Baratheon,Undirected,571,,,6.0,3
High-Septon-(Tyrions),Pycelle,Undirected,572,,,3.0,3
High-Septon-(Tyrions),Tyrion-Lannister,Undirected,573,,,3.0,3
Hobb,Janos-Slynt,Undirected,574,,,4.0,3
Hobb,Othell-Yarwyck,Undirected,575,,,3.0,3
Hobb,Owen,Undirected,576,,,3.0,3
Hobb,Samwell-Tarly,Undirected,577,,,3.0,3
Hodor,Jojen-Reed,Undirected,578,,,24.0,3
Hodor,Meera-Reed,Undirected,579,,,28.0,3
Hoster-Tully,Jaime-Lannister,Undirected,580,,,4.0,3
Hoster-Tully,Lothar-Frey,Undirected,581,,,5.0,3
Hoster-Tully,Lysa-Arryn,Undirected,582,,,6.0,3
Hoster-Tully,Robb-Stark,Undirected,583,,,4.0,3
Hoster-Tully,Tansy,Undirected,584,,,5.0,3
Hoster-Tully,Vyman,Undirected,585,,,4.0,3
Hot-Pie,Lem,Undirected,586,,,7.0,3
Hot-Pie,Sharna,Undirected,587,,,3.0,3
Hot-Pie,Tom-of-Sevenstreams,Undirected,588,,,4.0,3
Husband,Lem,Undirected,589,,,4.0,3
Ilyn-Payne,Joffrey-Baratheon,Undirected,590,,,9.0,3
Ilyn-Payne,Meryn-Trant,Undirected,591,,,6.0,3
Ilyn-Payne,Polliver,Undirected,592,,,5.0,3
Ilyn-Payne,Rafford,Undirected,593,,,6.0,3
Ilyn-Payne,Sandor-Clegane,Undirected,594,,,5.0,3
Ilyn-Payne,Tickler,Undirected,595,,,6.0,3
Ilyn-Payne,Tyrion-Lannister,Undirected,596,,,6.0,3
Irri,Jhiqui,Undirected,597,,,15.0,3
Irri,Jorah-Mormont,Undirected,598,,,3.0,3
Irri,Missandei,Undirected,599,,,4.0,3
Jack-Be-Lucky,Lem,Undirected,600,,,5.0,3
Jack-Bulwer,Thoros-of-Myr,Undirected,601,,,5.0,3
Jaime-Lannister,Joffrey-Baratheon,Undirected,602,,,21.0,3
Jaime-Lannister,Lem,Undirected,603,,,6.0,3
Jaime-Lannister,Loras-Tyrell,Undirected,604,,,24.0,3
Jaime-Lannister,Lysa-Arryn,Undirected,605,,,3.0,3
Jaime-Lannister,Meryn-Trant,Undirected,606,,,9.0,3
Jaime-Lannister,Oberyn-Martell,Undirected,607,,,3.0,3
Jaime-Lannister,Osmund-Kettleblack,Undirected,608,,,5.0,3
Jaime-Lannister,Qyburn,Undirected,609,,,21.0,3
Jaime-Lannister,Renly-Baratheon,Undirected,610,,,9.0,3
Jaime-Lannister,Rickard-Karstark,Undirected,611,,,4.0,3
Jaime-Lannister,Robb-Stark,Undirected,612,,,17.0,3
Jaime-Lannister,Robert-Baratheon,Undirected,613,,,18.0,3
Jaime-Lannister,Robin-Ryger,Undirected,614,,,9.0,3
Jaime-Lannister,Roose-Bolton,Undirected,615,,,17.0,3
Jaime-Lannister,Rorge,Undirected,616,,,9.0,3
Jaime-Lannister,Sansa-Stark,Undirected,617,,,9.0,3
Jaime-Lannister,Shagwell,Undirected,618,,,4.0,3
Jaime-Lannister,Stannis-Baratheon,Undirected,619,,,6.0,3
Jaime-Lannister,Thoros-of-Myr,Undirected,620,,,3.0,3
Jaime-Lannister,Tommen-Baratheon,Undirected,621,,,10.0,3
Jaime-Lannister,Tyrion-Lannister,Undirected,622,,,33.0,3
Jaime-Lannister,Tywin-Lannister,Undirected,623,,,16.0,3
Jaime-Lannister,Urswyck,Undirected,624,,,11.0,3
Jaime-Lannister,Vargo-Hoat,Undirected,625,,,16.0,3
Jaime-Lannister,Varys,Undirected,626,,,5.0,3
Jaime-Lannister,Walton,Undirected,627,,,18.0,3
Janos-Slynt,Jon-Snow,Undirected,628,,,10.0,3
Janos-Slynt,Mance-Rayder,Undirected,629,,,6.0,3
Janos-Slynt,Othell-Yarwyck,Undirected,630,,,9.0,3
Janos-Slynt,Samwell-Tarly,Undirected,631,,,7.0,3
Janos-Slynt,Stannis-Baratheon,Undirected,632,,,4.0,3
Janos-Slynt,Tyrion-Lannister,Undirected,633,,,5.0,3
Jarl,Jon-Snow,Undirected,634,,,21.0,3
Jarl,Mance-Rayder,Undirected,635,,,8.0,3
Jarl,Rattleshirt,Undirected,636,,,6.0,3
Jarl,Styr,Undirected,637,,,16.0,3
Jarl,Val,Undirected,638,,,5.0,3
Jarl,Ygritte,Undirected,639,,,6.0,3
Jason-Mallister,Tytos-Blackwood,Undirected,640,,,3.0,3
Jeor-Mormont,Jon-Snow,Undirected,641,,,19.0,3
Jeor-Mormont,Lark,Undirected,642,,,3.0,3
Jeor-Mormont,Othell-Yarwyck,Undirected,643,,,3.0,3
Jeor-Mormont,Qhorin-Halfhand,Undirected,644,,,6.0,3
Jeor-Mormont,Samwell-Tarly,Undirected,645,,,23.0,3
Jeor-Mormont,Small-Paul,Undirected,646,,,3.0,3
Jeor-Mormont,Thoren-Smallwood,Undirected,647,,,8.0,3
Jeor-Mormont,Tyrion-Lannister,Undirected,648,,,4.0,3
Jeyne-Westerling,Lothar-Frey,Undirected,649,,,4.0,3
Jeyne-Westerling,Robb-Stark,Undirected,650,,,21.0,3
Jeyne-Westerling,Walder-Frey,Undirected,651,,,5.0,3
Jhiqui,Jorah-Mormont,Undirected,652,,,5.0,3
Jhiqui,Missandei,Undirected,653,,,5.0,3
Jhogo,Rakharo,Undirected,654,,,4.0,3
Joanna-Lannister,Tywin-Lannister,Undirected,655,,,4.0,3
Joffrey-Baratheon,Jon-Snow,Undirected,656,,,4.0,3
Joffrey-Baratheon,Kevan-Lannister,Undirected,657,,,11.0,3
Joffrey-Baratheon,Loras-Tyrell,Undirected,658,,,12.0,3
Joffrey-Baratheon,Mace-Tyrell,Undirected,659,,,10.0,3
Joffrey-Baratheon,Mance-Rayder,Undirected,660,,,5.0,3
Joffrey-Baratheon,Margaery-Tyrell,Undirected,661,,,44.0,3
Joffrey-Baratheon,Melisandre,Undirected,662,,,4.0,3
Joffrey-Baratheon,Meryn-Trant,Undirected,663,,,12.0,3
Joffrey-Baratheon,Mycah,Undirected,664,,,3.0,3
Joffrey-Baratheon,Myrcella-Baratheon,Undirected,665,,,6.0,3
Joffrey-Baratheon,Oberyn-Martell,Undirected,666,,,8.0,3
Joffrey-Baratheon,Olenna-Redwyne,Undirected,667,,,3.0,3
Joffrey-Baratheon,Osmund-Kettleblack,Undirected,668,,,9.0,3
Joffrey-Baratheon,Paxter-Redwyne,Undirected,669,,,5.0,3
Joffrey-Baratheon,Petyr-Baelish,Undirected,670,,,8.0,3
Joffrey-Baratheon,Polliver,Undirected,671,,,6.0,3
Joffrey-Baratheon,Pycelle,Undirected,672,,,9.0,3
Joffrey-Baratheon,Rafford,Undirected,673,,,6.0,3
Joffrey-Baratheon,Renly-Baratheon,Undirected,674,,,5.0,3
Joffrey-Baratheon,Robb-Stark,Undirected,675,,,14.0,3
Joffrey-Baratheon,Robert-Baratheon,Undirected,676,,,9.0,3
Joffrey-Baratheon,Sandor-Clegane,Undirected,677,,,16.0,3
Joffrey-Baratheon,Sansa-Stark,Undirected,678,,,53.0,3
Joffrey-Baratheon,Selyse-Florent,Undirected,679,,,3.0,3
Joffrey-Baratheon,Shae,Undirected,680,,,3.0,3
Joffrey-Baratheon,Shireen-Baratheon,Undirected,681,,,3.0,3
Joffrey-Baratheon,Stannis-Baratheon,Undirected,682,,,17.0,3
Joffrey-Baratheon,Tickler,Undirected,683,,,6.0,3
Joffrey-Baratheon,Tommen-Baratheon,Undirected,684,,,20.0,3
Joffrey-Baratheon,Tyrion-Lannister,Undirected,685,,,95.0,3
Joffrey-Baratheon,Tywin-Lannister,Undirected,686,,,23.0,3
Joffrey-Baratheon,Varys,Undirected,687,,,6.0,3
Jojen-Reed,Meera-Reed,Undirected,689,,,34.0,3
Jojen-Reed,Samwell-Tarly,Undirected,690,,,10.0,3
Jon-Arryn,Lysa-Arryn,Undirected,691,,,4.0,3
Jon-Arryn,Robert-Arryn,Undirected,692,,,3.0,3
Jon-Arryn,Robert-Baratheon,Undirected,693,,,4.0,3
Jon-Snow,Kegs,Undirected,694,,,5.0,3
Jon-Snow,Mag-Mar-Tun-Doh-Weg,Undirected,695,,,3.0,3
Jon-Snow,Mance-Rayder,Undirected,696,,,83.0,3
Jon-Snow,Melisandre,Undirected,697,,,9.0,3
Jon-Snow,Mully,Undirected,698,,,4.0,3
Jon-Snow,Orell,Undirected,699,,,6.0,3
Jon-Snow,Owen,Undirected,700,,,14.0,3
Jon-Snow,Pypar,Undirected,701,,,27.0,3
Jon-Snow,Qhorin-Halfhand,Undirected,702,,,23.0,3
Jon-Snow,Rattleshirt,Undirected,703,,,23.0,3
Jon-Snow,Robb-Stark,Undirected,704,,,12.0,3
Jon-Snow,Robert-Baratheon,Undirected,705,,,5.0,3
Jon-Snow,Ryk,Undirected,706,,,11.0,3
Jon-Snow,Samwell-Tarly,Undirected,707,,,50.0,3
Jon-Snow,Satin,Undirected,708,,,33.0,3
Jon-Snow,Spare-Boot,Undirected,709,,,5.0,3
Jon-Snow,Stannis-Baratheon,Undirected,710,,,12.0,3
Jon-Snow,Styr,Undirected,711,,,40.0,3
Jon-Snow,Theon-Greyjoy,Undirected,712,,,8.0,3
Jon-Snow,Tormund,Undirected,713,,,23.0,3
Jon-Snow,Val,Undirected,714,,,11.0,3
Jon-Snow,Varamyr,Undirected,715,,,7.0,3
Jon-Snow,Ygritte,Undirected,716,,,54.0,3
Jon-Snow,Zei,Undirected,717,,,3.0,3
Jon-Umber-(Greatjon),Jon-Umber-(Smalljon),Undirected,718,,,4.0,3
Jon-Umber-(Greatjon),Maege-Mormont,Undirected,719,,,3.0,3
Jon-Umber-(Greatjon),Rickard-Karstark,Undirected,720,,,7.0,3
Jon-Umber-(Greatjon),Robb-Stark,Undirected,721,,,15.0,3
Jon-Umber-(Greatjon),Robin-Flint,Undirected,722,,,3.0,3
Jon-Umber-(Greatjon),Walder-Frey,Undirected,723,,,4.0,3
Jon-Umber-(Greatjon),Wendel-Manderly,Undirected,724,,,3.0,3
Jon-Umber-(Smalljon),Robb-Stark,Undirected,725,,,5.0,3
Jonothor-Darry,Lewyn-Martell,Undirected,726,,,3.0,3
Jonothor-Darry,Oswell-Whent,Undirected,727,,,3.0,3
Jorah-Mormont,Mero,Undirected,728,,,9.0,3
Jorah-Mormont,Missandei,Undirected,729,,,3.0,3
Jorah-Mormont,Rhaegar-Targaryen,Undirected,730,,,5.0,3
Joramun,Mance-Rayder,Undirected,731,,,3.0,3
Kegs,Owen,Undirected,732,,,5.0,3
Kegs,Pypar,Undirected,733,,,3.0,3
Kegs,Satin,Undirected,734,,,4.0,3
Kegs,Spare-Boot,Undirected,735,,,4.0,3
Kella,Sansa-Stark,Undirected,736,,,3.0,3
Kevan-Lannister,Lancel-Lannister,Undirected,737,,,7.0,3
Kevan-Lannister,Pycelle,Undirected,738,,,3.0,3
Kevan-Lannister,Sansa-Stark,Undirected,739,,,5.0,3
Kevan-Lannister,Tommen-Baratheon,Undirected,740,,,3.0,3
Kevan-Lannister,Tyrion-Lannister,Undirected,741,,,11.0,3
Kevan-Lannister,Tywin-Lannister,Undirected,742,,,15.0,3
Kevan-Lannister,Varys,Undirected,743,,,5.0,3
Kevan-Lannister,Willem-Lannister,Undirected,744,,,3.0,3
Khorane-Sathmantes,Salladhor-Saan,Undirected,745,,,4.0,3
Khorane-Sathmantes,Stannis-Baratheon,Undirected,746,,,3.0,3
Lamprey,Porridge,Undirected,747,,,3.0,3
Lark,Samwell-Tarly,Undirected,748,,,3.0,3
Lark,Small-Paul,Undirected,749,,,8.0,3
Lark,Softfoot,Undirected,750,,,3.0,3
Lem,Sandor-Clegane,Undirected,751,,,5.0,3
Lem,Sharna,Undirected,752,,,3.0,3
Lem,Tansy,Undirected,753,,,3.0,3
Lem,Thoros-of-Myr,Undirected,754,,,13.0,3
Lem,Tom-of-Sevenstreams,Undirected,755,,,21.0,3
Lewyn-Martell,Oswell-Whent,Undirected,756,,,3.0,3
Lollys-Stokeworth,Shae,Undirected,757,,,5.0,3
Lollys-Stokeworth,Symon-Silver-Tongue,Undirected,758,,,3.0,3
Lollys-Stokeworth,Tanda-Stokeworth,Undirected,759,,,7.0,3
Lollys-Stokeworth,Tyrion-Lannister,Undirected,760,,,8.0,3
Lollys-Stokeworth,Varys,Undirected,761,,,5.0,3
Loras-Tyrell,Margaery-Tyrell,Undirected,762,,,10.0,3
Loras-Tyrell,Olenna-Redwyne,Undirected,763,,,5.0,3
Loras-Tyrell,Osmund-Kettleblack,Undirected,764,,,4.0,3
Loras-Tyrell,Renly-Baratheon,Undirected,765,,,8.0,3
Loras-Tyrell,Sansa-Stark,Undirected,766,,,13.0,3
Loras-Tyrell,Tyrion-Lannister,Undirected,767,,,10.0,3
Loras-Tyrell,Willas-Tyrell,Undirected,768,,,4.0,3
Lothar-Frey,Marq-Piper,Undirected,769,,,3.0,3
Lothar-Frey,Merrett-Frey,Undirected,770,,,3.0,3
Lothar-Frey,Robb-Stark,Undirected,771,,,12.0,3
Lothar-Frey,Roose-Bolton,Undirected,772,,,3.0,3
Lothar-Frey,Roslin-Frey,Undirected,773,,,4.0,3
Lothar-Frey,Walder-Frey,Undirected,774,,,6.0,3
Lothar-Frey,Walder-Rivers,Undirected,775,,,3.0,3
Lothor-Brune,Petyr-Baelish,Undirected,776,,,5.0,3
Lothor-Brune,Sansa-Stark,Undirected,777,,,6.0,3
Luwin,Nan,Undirected,778,,,5.0,3
Lysa-Arryn,Marillion,Undirected,779,,,10.0,3
Lysa-Arryn,Mathis-Rowan,Undirected,780,,,3.0,3
Lysa-Arryn,Petyr-Baelish,Undirected,781,,,29.0,3
Lysa-Arryn,Robert-Arryn,Undirected,782,,,7.0,3
Lysa-Arryn,Robert-Baratheon,Undirected,783,,,3.0,3
Lysa-Arryn,Sansa-Stark,Undirected,784,,,35.0,3
Lysa-Arryn,Tansy,Undirected,785,,,3.0,3
Lysa-Arryn,Tyrion-Lannister,Undirected,786,,,6.0,3
Lysa-Arryn,Tywin-Lannister,Undirected,787,,,4.0,3
Mace-Tyrell,Margaery-Tyrell,Undirected,788,,,5.0,3
Mace-Tyrell,Oberyn-Martell,Undirected,789,,,15.0,3
Mace-Tyrell,Olenna-Redwyne,Undirected,790,,,3.0,3
Mace-Tyrell,Paxter-Redwyne,Undirected,791,,,4.0,3
Mace-Tyrell,Sansa-Stark,Undirected,792,,,9.0,3
Mace-Tyrell,Stannis-Baratheon,Undirected,793,,,5.0,3
Mace-Tyrell,Tyrion-Lannister,Undirected,794,,,15.0,3
Mace-Tyrell,Tywin-Lannister,Undirected,795,,,10.0,3
Mace-Tyrell,Willas-Tyrell,Undirected,796,,,4.0,3
Maege-Mormont,Robb-Stark,Undirected,797,,,3.0,3
Maegor-I-Targaryen,Varys,Undirected,798,,,3.0,3
Mallador-Locke,Thoren-Smallwood,Undirected,799,,,4.0,3
Mance-Rayder,Pypar,Undirected,800,,,4.0,3
Mance-Rayder,Qhorin-Halfhand,Undirected,801,,,9.0,3
Mance-Rayder,Rattleshirt,Undirected,802,,,12.0,3
Mance-Rayder,Samwell-Tarly,Undirected,803,,,10.0,3
Mance-Rayder,Styr,Undirected,804,,,14.0,3
Mance-Rayder,Thoren-Smallwood,Undirected,805,,,4.0,3
Mance-Rayder,Tormund,Undirected,806,,,20.0,3
Mance-Rayder,Val,Undirected,807,,,8.0,3
Mance-Rayder,Varamyr,Undirected,808,,,6.0,3
Mance-Rayder,Ygritte,Undirected,809,,,14.0,3
Mandon-Moore,Tyrion-Lannister,Undirected,810,,,3.0,3
Mandon-Moore,Varys,Undirected,811,,,3.0,3
Margaery-Tyrell,Olenna-Redwyne,Undirected,812,,,4.0,3
Margaery-Tyrell,Renly-Baratheon,Undirected,813,,,6.0,3
Margaery-Tyrell,Sansa-Stark,Undirected,814,,,34.0,3
Margaery-Tyrell,Tommen-Baratheon,Undirected,815,,,5.0,3
Margaery-Tyrell,Tyrion-Lannister,Undirected,816,,,10.0,3
Margaery-Tyrell,Willas-Tyrell,Undirected,817,,,5.0,3
Marillion,Robert-Arryn,Undirected,818,,,3.0,3
Marillion,Sansa-Stark,Undirected,819,,,12.0,3
Marq-Piper,Robb-Stark,Undirected,820,,,3.0,3
Martyn-Lannister,Tywin-Lannister,Undirected,821,,,3.0,3
Martyn-Lannister,Willem-Lannister,Undirected,822,,,3.0,3
Mathis-Rowan,Paxter-Redwyne,Undirected,823,,,8.0,3
Meera-Reed,Samwell-Tarly,Undirected,824,,,5.0,3
Megga-Tyrell,Sansa-Stark,Undirected,825,,,6.0,3
Melisandre,Salladhor-Saan,Undirected,826,,,6.0,3
Melisandre,Samwell-Tarly,Undirected,827,,,7.0,3
Melisandre,Selyse-Florent,Undirected,828,,,9.0,3
Melisandre,Stannis-Baratheon,Undirected,829,,,38.0,3
Merrett-Frey,Petyr-Baelish,Undirected,830,,,3.0,3
Meryn-Trant,Osmund-Kettleblack,Undirected,831,,,4.0,3
Meryn-Trant,Polliver,Undirected,832,,,5.0,3
Meryn-Trant,Rafford,Undirected,833,,,6.0,3
Meryn-Trant,Sandor-Clegane,Undirected,834,,,5.0,3
Meryn-Trant,Sansa-Stark,Undirected,835,,,3.0,3
Meryn-Trant,Tickler,Undirected,836,,,6.0,3
Meryn-Trant,Tyrion-Lannister,Undirected,837,,,5.0,3
Mordane,Sansa-Stark,Undirected,838,,,4.0,3
Mully,Owen,Undirected,839,,,3.0,3
Mully,Satin,Undirected,840,,,4.0,3
Mully,Spare-Boot,Undirected,841,,,3.0,3
Munda,Tormund,Undirected,842,,,4.0,3
Mycah,Sandor-Clegane,Undirected,843,,,6.0,3
Myrcella-Baratheon,Sansa-Stark,Undirected,844,,,4.0,3
Myrcella-Baratheon,Tommen-Baratheon,Undirected,845,,,7.0,3
Myrcella-Baratheon,Tyrion-Lannister,Undirected,846,,,4.0,3
Nage,Walton,Undirected,847,,,3.0,3
Oberyn-Martell,Sansa-Stark,Undirected,848,,,3.0,3
Oberyn-Martell,Tyrion-Lannister,Undirected,849,,,41.0,3
Oberyn-Martell,Tywin-Lannister,Undirected,850,,,9.0,3
Oberyn-Martell,Viserys-Targaryen,Undirected,851,,,4.0,3
Olenna-Redwyne,Sansa-Stark,Undirected,852,,,12.0,3
Olenna-Redwyne,Tyrion-Lannister,Undirected,853,,,3.0,3
Olyvar-Frey,Robb-Stark,Undirected,854,,,8.0,3
Olyvar-Frey,Ryman-Frey,Undirected,855,,,4.0,3
Orell,Ygritte,Undirected,856,,,3.0,3
Osmund-Kettleblack,Sansa-Stark,Undirected,857,,,4.0,3
Osmund-Kettleblack,Tyrion-Lannister,Undirected,858,,,5.0,3
Oswell-Kettleblack,Petyr-Baelish,Undirected,859,,,4.0,3
Oswell-Kettleblack,Sansa-Stark,Undirected,860,,,5.0,3
Othell-Yarwyck,Pypar,Undirected,861,,,3.0,3
Ottyn-Wythers,Thoren-Smallwood,Undirected,862,,,6.0,3
Owen,Pypar,Undirected,863,,,4.0,3
Owen,Robert-Baratheon,Undirected,864,,,3.0,3
Owen,Satin,Undirected,865,,,4.0,3
Owen,Spare-Boot,Undirected,866,,,4.0,3
Patchface,Shireen-Baratheon,Undirected,867,,,3.0,3
Paxter-Redwyne,Tyrion-Lannister,Undirected,868,,,4.0,3
Perwyn-Frey,Robb-Stark,Undirected,869,,,3.0,3
Petyr-Baelish,Robb-Stark,Undirected,870,,,6.0,3
Petyr-Baelish,Robert-Arryn,Undirected,871,,,4.0,3
Petyr-Baelish,Roose-Bolton,Undirected,872,,,3.0,3
Petyr-Baelish,Sansa-Stark,Undirected,873,,,31.0,3
Petyr-Baelish,Tyrion-Lannister,Undirected,874,,,14.0,3
Petyr-Baelish,Tywin-Lannister,Undirected,875,,,5.0,3
Petyr-Baelish,Yohn-Royce,Undirected,876,,,3.0,3
Petyr-Frey,Ryman-Frey,Undirected,877,,,4.0,3
Petyr-Frey,Walder-Frey,Undirected,878,,,4.0,3
Podrick-Payne,Sansa-Stark,Undirected,879,,,7.0,3
Podrick-Payne,Tyrion-Lannister,Undirected,880,,,27.0,3
Podrick-Payne,Tywin-Lannister,Undirected,881,,,4.0,3
Polliver,Rafford,Undirected,883,,,10.0,3
Polliver,Sandor-Clegane,Undirected,884,,,19.0,3
Polliver,Sansa-Stark,Undirected,885,,,3.0,3
Polliver,Tickler,Undirected,886,,,16.0,3
Prendahl-na-Ghezn,Sallor,Undirected,887,,,6.0,3
Pycelle,Tyrion-Lannister,Undirected,888,,,12.0,3
Pycelle,Tywin-Lannister,Undirected,889,,,5.0,3
Pycelle,Varys,Undirected,890,,,5.0,3
Pylos,Shireen-Baratheon,Undirected,891,,,4.0,3
Pylos,Stannis-Baratheon,Undirected,892,,,4.0,3
Pypar,Samwell-Tarly,Undirected,893,,,15.0,3
Pypar,Satin,Undirected,894,,,4.0,3
Qhorin-Halfhand,Ragwyle,Undirected,895,,,3.0,3
Qhorin-Halfhand,Rattleshirt,Undirected,896,,,7.0,3
Qhorin-Halfhand,Samwell-Tarly,Undirected,897,,,3.0,3
Qhorin-Halfhand,Ygritte,Undirected,898,,,5.0,3
Qyburn,Roose-Bolton,Undirected,899,,,3.0,3
Qyburn,Walton,Undirected,900,,,4.0,3
Rafford,Sandor-Clegane,Undirected,901,,,7.0,3
Rafford,Tickler,Undirected,902,,,10.0,3
Ramsay-Snow,Robb-Stark,Undirected,903,,,4.0,3
Ramsay-Snow,Roose-Bolton,Undirected,904,,,4.0,3
Randyll-Tarly,Robett-Glover,Undirected,905,,,3.0,3
Rattleshirt,Ryk,Undirected,906,,,4.0,3
Rattleshirt,Styr,Undirected,907,,,8.0,3
Rattleshirt,Tormund,Undirected,908,,,5.0,3
Rattleshirt,Weeper,Undirected,909,,,5.0,3
Rattleshirt,Ygritte,Undirected,910,,,11.0,3
Raynald-Westerling,Robb-Stark,Undirected,911,,,8.0,3
Raynald-Westerling,Rollam-Westerling,Undirected,912,,,3.0,3
Renly-Baratheon,Robert-Baratheon,Undirected,913,,,4.0,3
Renly-Baratheon,Sansa-Stark,Undirected,914,,,4.0,3
Renly-Baratheon,Stannis-Baratheon,Undirected,915,,,17.0,3
Renly-Baratheon,Tyrion-Lannister,Undirected,916,,,5.0,3
Renly-Baratheon,Varys,Undirected,917,,,4.0,3
Rhaegar-Targaryen,Rhaella-Targaryen,Undirected,918,,,3.0,3
Rhaegar-Targaryen,Robert-Baratheon,Undirected,919,,,8.0,3
Rhaegar-Targaryen,Viserys-Targaryen,Undirected,920,,,7.0,3
Rhaella-Targaryen,Viserys-Targaryen,Undirected,921,,,3.0,3
Rickard-Karstark,Robb-Stark,Undirected,922,,,16.0,3
Rickon-Stark,Robb-Stark,Undirected,924,,,13.0,3
Rickon-Stark,Sansa-Stark,Undirected,925,,,7.0,3
Rickon-Stark,Theon-Greyjoy,Undirected,926,,,8.0,3
Robb-Stark,Robin-Flint,Undirected,927,,,3.0,3
Robb-Stark,Rollam-Westerling,Undirected,928,,,4.0,3
Robb-Stark,Rolph-Spicer,Undirected,929,,,5.0,3
Robb-Stark,Roose-Bolton,Undirected,930,,,11.0,3
Robb-Stark,Roslin-Frey,Undirected,931,,,4.0,3
Robb-Stark,Ryman-Frey,Undirected,932,,,8.0,3
Robb-Stark,Sansa-Stark,Undirected,933,,,17.0,3
Robb-Stark,Stannis-Baratheon,Undirected,934,,,4.0,3
Robb-Stark,Stevron-Frey,Undirected,935,,,4.0,3
Robb-Stark,Sybell-Spicer,Undirected,936,,,3.0,3
Robb-Stark,Theon-Greyjoy,Undirected,937,,,11.0,3
Robb-Stark,Tristifer-IV-Mudd,Undirected,938,,,3.0,3
Robb-Stark,Tyrion-Lannister,Undirected,939,,,15.0,3
Robb-Stark,Tywin-Lannister,Undirected,940,,,15.0,3
Robb-Stark,Utherydes-Wayn,Undirected,941,,,3.0,3
Robb-Stark,Walder-Frey,Undirected,942,,,27.0,3
Robb-Stark,Walder-Rivers,Undirected,943,,,4.0,3
Robb-Stark,Willem-Lannister,Undirected,944,,,3.0,3
Robert-Arryn,Sansa-Stark,Undirected,945,,,9.0,3
Robert-Baratheon,Sandor-Clegane,Undirected,946,,,5.0,3
Robert-Baratheon,Sansa-Stark,Undirected,947,,,3.0,3
Robert-Baratheon,Stannis-Baratheon,Undirected,948,,,7.0,3
Robert-Baratheon,Thoros-of-Myr,Undirected,949,,,6.0,3
Robert-Baratheon,Tyrion-Lannister,Undirected,950,,,8.0,3
Robert-Baratheon,Tywin-Lannister,Undirected,951,,,9.0,3
Robert-Baratheon,Varys,Undirected,952,,,4.0,3
Robert-Baratheon,Viserys-Targaryen,Undirected,953,,,6.0,3
Robin-Flint,Wendel-Manderly,Undirected,954,,,3.0,3
Roose-Bolton,Ryman-Frey,Undirected,955,,,3.0,3
Roose-Bolton,Tyrion-Lannister,Undirected,956,,,6.0,3
Roose-Bolton,Tywin-Lannister,Undirected,957,,,4.0,3
Roose-Bolton,Vargo-Hoat,Undirected,958,,,6.0,3
Roose-Bolton,Walton,Undirected,959,,,6.0,3
Rorge,Shagwell,Undirected,960,,,4.0,3
Rorge,Vargo-Hoat,Undirected,961,,,3.0,3
Rorge,Zollo,Undirected,962,,,5.0,3
Roslin-Frey,Walder-Frey,Undirected,963,,,6.0,3
Ryk,Tormund,Undirected,964,,,6.0,3
Ryk,Ygritte,Undirected,965,,,8.0,3
Ryman-Frey,Stevron-Frey,Undirected,966,,,4.0,3
Salladhor-Saan,Stannis-Baratheon,Undirected,967,,,6.0,3
Samwell-Tarly,Small-Paul,Undirected,968,,,19.0,3
Samwell-Tarly,Stannis-Baratheon,Undirected,969,,,18.0,3
Sandor-Clegane,Sansa-Stark,Undirected,970,,,8.0,3
Sandor-Clegane,Thoros-of-Myr,Undirected,971,,,13.0,3
Sandor-Clegane,Tickler,Undirected,972,,,14.0,3
Sandor-Clegane,Tyrion-Lannister,Undirected,973,,,4.0,3
Sansa-Stark,Shae,Undirected,974,,,8.0,3
Sansa-Stark,Tanda-Stokeworth,Undirected,975,,,3.0,3
Sansa-Stark,Tommen-Baratheon,Undirected,976,,,3.0,3
Sansa-Stark,Tyrion-Lannister,Undirected,977,,,78.0,3
Sansa-Stark,Tysha,Undirected,978,,,3.0,3
Sansa-Stark,Tywin-Lannister,Undirected,979,,,3.0,3
Sansa-Stark,Varys,Undirected,980,,,4.0,3
Sansa-Stark,Willas-Tyrell,Undirected,982,,,5.0,3
Satin,Spare-Boot,Undirected,983,,,4.0,3
Selyse-Florent,Stannis-Baratheon,Undirected,984,,,12.0,3
Shae,Symon-Silver-Tongue,Undirected,985,,,3.0,3
Shae,Tanda-Stokeworth,Undirected,986,,,3.0,3
Shae,Tyrion-Lannister,Undirected,987,,,23.0,3
Shae,Varys,Undirected,988,,,11.0,3
Sharna,Tom-of-Sevenstreams,Undirected,989,,,3.0,3
Shireen-Baratheon,Stannis-Baratheon,Undirected,990,,,3.0,3
Shireen-Baratheon,Tommen-Baratheon,Undirected,991,,,3.0,3
Simon-Toyne,Smiling-Knight,Undirected,992,,,3.0,3
Stannis-Baratheon,Tommen-Baratheon,Undirected,993,,,3.0,3
Stannis-Baratheon,Tyrion-Lannister,Undirected,994,,,7.0,3
Stannis-Baratheon,Tywin-Lannister,Undirected,995,,,15.0,3
Styr,Tormund,Undirected,996,,,5.0,3
Styr,Ygritte,Undirected,997,,,9.0,3
Symon-Silver-Tongue,Tyrion-Lannister,Undirected,998,,,7.0,3
Tanda-Stokeworth,Tyrion-Lannister,Undirected,999,,,5.0,3
Tansy,Tom-of-Sevenstreams,Undirected,1000,,,3.0,3
Tion-Frey,Willem-Lannister,Undirected,1001,,,6.0,3
Tommen-Baratheon,Tyrion-Lannister,Undirected,1002,,,8.0,3
Tommen-Baratheon,Tywin-Lannister,Undirected,1003,,,5.0,3
Tormund,Ygritte,Undirected,1004,,,11.0,3
Tyrion-Lannister,Tysha,Undirected,1005,,,3.0,3
Tyrion-Lannister,Tywin-Lannister,Undirected,1006,,,44.0,3
Tyrion-Lannister,Varys,Undirected,1007,,,27.0,3
Tyrion-Lannister,Viserys-Targaryen,Undirected,1008,,,4.0,3
Tyrion-Lannister,Willas-Tyrell,Undirected,1010,,,5.0,3
Tywin-Lannister,Varys,Undirected,1011,,,5.0,3
Tywin-Lannister,Walder-Frey,Undirected,1012,,,4.0,3
Vargo-Hoat,Zollo,Undirected,1013,,,3.0,3
